http://01.org/ https://01.org/ 00000__01.org
http://www.01.org/ https://www.01.org/ 00001__www.01.org
http://www.100-gute-gruende.de/ https://www.100-gute-gruende.de/ 00002__www.100-gute-gruende.de
http://100-gute-gruende.de/ https://www.100-gute-gruende.de/ 00003__100-gute-gruende.de
http://108-hero.com/ https://108-hero.com/ 00004__108-hero.com
http://www.108-hero.com/ https://108-hero.com/ 00005__www.108-hero.com
http://jira.mongodb.org/ https://jira.mongodb.org/ 00006__jira.mongodb.org
http://10gen.com/ https://10gen.com/ 00007__10gen.com
http://www.1177.se/ https://www.1177.se/ 00008__www.1177.se
http://1177.se/ https://www.1177.se/ 00009__1177.se
http://ssllin1.123-secure.com/ https://ssllin1.123-secure.com/ 00010__ssllin1.123-secure.com
http://123-reg.co.uk/ https://123-reg.co.uk/ 00011__123-reg.co.uk
http://www.123systems.net/ https://123systems.net/ 00012__www.123systems.net
http://123systems.net/ https://123systems.net/ 00013__123systems.net
http://forum.1and1.com/ https://forum.1and1.com/ 00014__forum.1and1.com
http://1and1.co.uk/ https://order.1and1.co.uk/ 00015__1and1.co.uk
http://mywebsitepersonal.1and1.ca/ https://mywebsitepersonal.1and1.ca/ 00016__mywebsitepersonal.1and1.ca
http://1and1.ca/ https://order.1and1.ca/ 00017__1and1.ca
http://admin.1and1.co.uk/ https://admin.1and1.co.uk/ 00018__admin.1and1.co.uk
http://admin.1and1.com/ https://admin.1and1.com/ 00019__admin.1and1.com
http://redirect.1and1.com/ https://redirect.1and1.com/ 00020__redirect.1and1.com
http://mywebsitepersonal.1and1.com/ https://mywebsitepersonal.1and1.com/ 00021__mywebsitepersonal.1and1.com
http://mywebsite.1and1.com/ https://mywebsite.1and1.com/ 00022__mywebsite.1and1.com
http://www.1and1.ca/ https://order.1and1.ca/ 00023__www.1and1.ca
http://order.1and1.ca/ https://order.1and1.ca/ 00024__order.1and1.ca
http://shop.1and1.com/ https://shop.1and1.com/ 00025__shop.1and1.com
http://admin.1and1.ca/ https://admin.1and1.ca/ 00026__admin.1and1.ca
http://mailxchange.1and1.co.uk/ https://mailxchange.1and1.co.uk/ 00027__mailxchange.1and1.co.uk
http://www.1and1.co.uk/ https://order.1and1.co.uk/ 00028__www.1and1.co.uk
http://mailxchange.1and1.com/ https://mailxchange.1and1.com/ 00029__mailxchange.1and1.com
http://password.1and1.co.uk/ https://password.1and1.co.uk/ 00030__password.1and1.co.uk
http://shop.1and1.co.uk/ https://shop.1and1.co.uk/ 00031__shop.1and1.co.uk
http://redirect.1and1.co.uk/ https://redirect.1and1.co.uk/ 00032__redirect.1and1.co.uk
http://webmailcluster.perfora.net/ https://webmailcluster.perfora.net/ 00033__webmailcluster.perfora.net
http://online-office.1and1.ca/ https://online-office.1and1.ca/ 00034__online-office.1and1.ca
http://webmailcluster.1and1.co.uk/ https://webmailcluster.1and1.co.uk/ 00035__webmailcluster.1and1.co.uk
http://online-office.1and1.co.uk/ https://online-office.1and1.co.uk/ 00036__online-office.1and1.co.uk
http://1and1.com/ https://1and1.com/ 00037__1and1.com
http://password.1and1.com/ https://password.1and1.com/ 00038__password.1and1.com
http://www.1and1.com/ https://www.1and1.com/ 00039__www.1and1.com
http://mywebsitepersonal.1and1.co.uk/ https://mywebsitepersonal.1and1.co.uk/ 00040__mywebsitepersonal.1and1.co.uk
http://order.1and1.co.uk/ https://order.1and1.co.uk/ 00041__order.1and1.co.uk
http://mywebsite.1and1.co.uk/ https://mywebsite.1and1.co.uk/ 00042__mywebsite.1and1.co.uk
http://order.1and1.com/ https://order.1and1.com/ 00043__order.1and1.com
http://password.1and1.ca/ https://password.1and1.ca/ 00044__password.1and1.ca
http://uim.tifbs.net/ https://uim.tifbs.net/ 00045__uim.tifbs.net
http://1cart.co.nz/ https://1cart.co.nz/ 00046__1cart.co.nz
http://1cart.com/ https://1cart.co.nz/ 00047__1cart.com
http://www.1cart.co.nz/ https://www.1cart.co.nz/ 00048__www.1cart.co.nz
http://www.1nightstandstory.com/ https://www.1nightstandstory.com/ 00049__www.1nightstandstory.com
http://1nightstandstory.com/ https://www.1nightstandstory.com/ 00050__1nightstandstory.com
http://www.1art.cz/ https://www.1art.cz/ 00051__www.1art.cz
http://1art.cz/ https://www.1art.cz/ 00052__1art.cz
http://1time.aero/ https://www.1time.aero/ 00053__1time.aero
http://www.1time.aero/ https://www.1time.aero/ 00054__www.1time.aero
http://www.2020mobile.es/ https://www.2020mobile.es/ 00055__www.2020mobile.es
http://2020mobile.es/ https://www.2020mobile.es/ 00056__2020mobile.es
http://oasc08.247realmedia.com/ https://oasc08.247realmedia.com/ 00057__oasc08.247realmedia.com
http://developers.2checkout.com/ https://developers.2checkout.com/ 00058__developers.2checkout.com
http://2checkout.com/ https://www.2checkout.com/ 00059__2checkout.com
http://122.2o7.net/ https://122.2o7.net/ 00060__122.2o7.net
http://112.2o7.net/ https://112.2o7.net/ 00061__112.2o7.net
http://www.2shared.com/ https://www.2shared.com/ 00062__www.2shared.com
http://2shared.com/ https://www.2shared.com/ 00063__2shared.com
http://33across.com/ https://33across.com/ 00064__33across.com
http://33bits.org/ https://www.33bits.org/ 00065__33bits.org
http://www.33bits.org/ https://www.33bits.org/ 00066__www.33bits.org
http://launchpad.37signals.com/ https://launchpad.37signals.com/ 00067__launchpad.37signals.com
http://37signals.com/ https://37signals.com/ 00068__37signals.com
http://gettingreal.37signals.com/ https://gettingreal.37signals.com/ 00069__gettingreal.37signals.com
http://www.37signals.com/ https://37signals.com/ 00070__www.37signals.com
http://smiley.37signals.com/ https://smiley.37signals.com/ 00071__smiley.37signals.com
http://www.38.de/ https://www.38.de/ 00072__www.38.de
http://38.de/ https://www.38.de/ 00073__38.de
http://3cdn.net/ https://s3.amazonaws.com/3cdn.net/ 00074__3cdn.net
http://3dstats.com/ https://3dstats.com/ 00075__3dstats.com
http://www.3dstats.com/ https://www.3dstats.com/ 00076__www.3dstats.com
http://www.3min.de/ https://www.3min.de/ 00077__www.3min.de
http://3min.de/ https://www.3min.de/ 00078__3min.de
http://www.451research.com/ https://www.451research.com/ 00079__www.451research.com
http://451research.com/ https://451research.com/ 00080__451research.com
http://4chan.org/ https://4chan.org/ 00081__4chan.org
http://boards.4chan.org/ https://boards.4chan.org/ 00082__boards.4chan.org
http://thumbs.4chan.org/ https://thumbs.4chan.org/ 00083__thumbs.4chan.org
http://fourdo.com/ https://www.fourdo.com/ 00084__fourdo.com
http://www.4sevens.com/ https://www.4sevens.com/ 00085__www.4sevens.com
http://4sevens.com/ https://www.4sevens.com/ 00086__4sevens.com
http://4shared.com/ https://www.4shared.com/ 00087__4shared.com
http://4tulemar.com/ https://4tulemar.com/ 00088__4tulemar.com
http://www.6xq.net/ https://6xq.net/ 00089__www.6xq.net
http://6xq.net/ https://6xq.net/ 00090__6xq.net
http://7chan.org/ https://7chan.org/ 00091__7chan.org
http://www.7chan.org/ https://7chan.org/ 00092__www.7chan.org
http://www.99.se/ https://www.99.se/ 00093__www.99.se
http://99.se/ https://www.99.se/ 00094__99.se
http://9gag.com/ https://9gag.com/ 00095__9gag.com
http://www.9gag.com/ https://9gag.com/ 00096__www.9gag.com
http://9seeds.com/ https://d3j03r5zbavjdk.cloudfront.net/ 00097__9seeds.com
http://a.fsdn.com/ https://a.fsdn.com/ 00098__a.fsdn.com
http://img.a4apphack.com/ https://s3.amazonaws.com/img.a4apphack.com/ 00099__img.a4apphack.com
